timestamp,mem_used_mib,mem_total_mib,util_gpu,temp_c,power_w,sm_clock_mhz
2026/08/26 17:53:07.194, 0, 8188, 0, 50, 11.40, 1890
2026/08/26 17:52:45.769, 0, 8188, 0, 51, 11.50, 1890
2026/08/26 17:52:46.790, 0, 8188, 0, 51, 11.59, 1890
2026/08/26 17:52:47.843, 0, 8188, 0, 51, 11.65, 1890
2026/08/26 17:52:48.740, 0, 8188, 0, 52, 11.54, 1890
2026/08/26 17:52:49.279, 123, 8188, 0, 52, 10.64, 1890
2026/08/26 17:53:12.210, 145, 8188, 0, 52, 10.48, 1890
2026/08/26 17:52:50.338, 145, 8188, 0, 52, 10.49, 1890
2026/08/26 17:52:50.883, 185, 8188, 0, 52, 10.91, 1890
2026/08/26 17:52:51.419, 185, 8188, 0, 52, 10.59, 1890
2026/08/26 17:52:51.992, 185, 8188, 0, 52, 10.61, 1890
2026/08/26 17:52:52.535, 185, 8188, 0, 52, 10.63, 1890
2026/08/26 17:52:53.074, 185, 8188, 0, 53, 10.66, 1890
2026/08/26 17:52:53.612, 185, 8188, 0, 53, 10.70, 1890
2026/08/26 17:52:54.154, 185, 8188, 0, 53, 10.73, 1890
2026/08/26 17:53:17.088, 639, 8188, 2, 53, 11.16, 1890
2026/08/26 17:52:55.245, 721, 8188, 7, 53, 11.45, 1890
2026/08/26 17:52:55.780, 793, 8188, 35, 54, 12.49, 1890
2026/08/26 17:52:56.317, 793, 8188, 68, 57, 19.52, 2685
2026/08/26 17:52:56.850, 793, 8188, 67, 58, 28.66, 2685
2026/08/26 17:52:57.383, 793, 8188, 64, 58, 30.17, 2685
2026/08/26 17:52:57.909, 793, 8188, 68, 58, 30.16, 2685
2026/08/26 17:52:58.441, 793, 8188, 69, 58, 30.05, 2685
2026/08/26 17:52:58.974, 793, 8188, 70, 58, 29.49, 2685
2026/08/26 17:52:59.504, 793, 8188, 65, 58, 29.09, 2685
2026/08/26 17:53:00.006, 793, 8188, 66, 58, 30.10, 2685
2026/08/26 17:53:00.539, 793, 8188, 66, 59, 30.39, 2685
2026/08/26 17:53:01.068, 793, 8188, 68, 59, 28.95, 2685
2026/08/26 17:53:01.597, 793, 8188, 65, 59, 29.79, 2685
2026/08/26 17:53:02.138, 793, 8188, 64, 59, 31.10, 2685
2026/08/26 17:53:02.666, 793, 8188, 63, 59, 29.58, 2685
2026/08/26 17:53:03.198, 793, 8188, 61, 59, 26.61, 2685
2026/08/26 17:53:03.756, 793, 8188, 67, 59, 29.66, 2685
2026/08/26 17:53:04.293, 793, 8188, 67, 59, 30.67, 2685
2026/08/26 17:53:27.229, 785, 8188, 50, 59, 28.16, 2685
2026/08/26 17:53:05.344, 785, 8188, 65, 59, 28.10, 2685
2026/08/26 17:53:05.876, 817, 8188, 57, 59, 27.70, 2685
2026/08/26 17:53:06.409, 817, 8188, 51, 59, 28.07, 2685
2026/08/26 17:53:06.944, 817, 8188, 52, 59, 28.10, 2685
2026/08/26 17:53:07.471, 823, 8188, 56, 59, 28.86, 2685
2026/08/26 17:53:08.004, 823, 8188, 62, 60, 30.45, 2685
2026/08/26 17:53:08.535, 831, 8188, 58, 60, 30.04, 2685
2026/08/26 17:53:09.067, 831, 8188, 54, 60, 29.48, 2685
2026/08/26 17:53:32.011, 845, 8188, 59, 60, 30.43, 2685
2026/08/26 17:53:10.138, 845, 8188, 53, 60, 30.57, 2685
2026/08/26 17:53:10.666, 857, 8188, 55, 60, 31.13, 2685
2026/08/26 17:53:11.194, 857, 8188, 63, 60, 32.38, 2685
2026/08/26 17:53:11.736, 865, 8188, 54, 60, 32.49, 2685
2026/08/26 17:53:12.270, 865, 8188, 57, 60, 32.12, 2685
2026/08/26 17:53:12.802, 865, 8188, 60, 60, 31.79, 2685
2026/08/26 17:53:13.335, 877, 8188, 67, 61, 37.54, 2685
2026/08/26 17:53:13.870, 877, 8188, 59, 60, 35.76, 2685
2026/08/26 17:53:14.399, 899, 8188, 58, 61, 31.77, 2685
2026/08/26 17:53:14.956, 899, 8188, 62, 61, 34.80, 2685
2026/08/26 17:53:15.485, 929, 8188, 60, 61, 33.75, 2685
2026/08/26 17:53:16.028, 929, 8188, 61, 61, 34.97, 2685
2026/08/26 17:53:16.566, 929, 8188, 68, 61, 35.63, 2685
2026/08/26 17:53:17.097, 939, 8188, 71, 61, 36.47, 2685
2026/08/26 17:53:17.655, 939, 8188, 70, 61, 38.18, 2685
2026/08/26 17:53:18.196, 953, 8188, 69, 62, 39.39, 2670
2026/08/26 17:53:18.737, 953, 8188, 69, 62, 39.23, 2670
2026/08/26 17:53:19.304, 997, 8188, 70, 62, 39.13, 2670
2026/08/26 17:53:42.215, 997, 8188, 72, 62, 39.80, 2670
2026/08/26 17:53:20.384, 997, 8188, 74, 62, 40.18, 2670
2026/08/26 17:53:20.933, 1045, 8188, 74, 62, 40.62, 2670
2026/08/26 17:53:21.480, 1045, 8188, 76, 63, 40.91, 2670
2026/08/26 17:53:22.018, 1039, 8188, 74, 63, 40.21, 2670
2026/08/26 17:53:22.547, 1039, 8188, 74, 63, 39.64, 2670
2026/08/26 17:53:23.074, 1039, 8188, 72, 63, 40.96, 2670
2026/08/26 17:53:23.602, 1141, 8188, 72, 63, 42.56, 2670
2026/08/26 17:53:24.133, 1141, 8188, 77, 63, 41.18, 2670
2026/08/26 17:53:47.028, 1141, 8188, 73, 63, 44.33, 2670
2026/08/26 17:53:25.188, 1135, 8188, 73, 63, 44.22, 2670
2026/08/26 17:53:25.721, 1135, 8188, 76, 63, 42.68, 2670
2026/08/26 17:53:26.253, 1249, 8188, 74, 63, 44.36, 2670
2026/08/26 17:53:26.782, 1109, 8188, 75, 63, 45.14, 2670
2026/08/26 17:53:27.311, 1109, 8188, 75, 64, 47.29, 2670
2026/08/26 17:53:27.842, 1089, 8188, 75, 64, 46.13, 2670
2026/08/26 17:53:28.381, 1089, 8188, 76, 63, 43.48, 2670
2026/08/26 17:53:28.910, 1089, 8188, 76, 64, 45.01, 2670
2026/08/26 17:53:29.437, 1119, 8188, 76, 64, 44.97, 2670
2026/08/26 17:53:29.941, 1119, 8188, 74, 64, 44.07, 2670
2026/08/26 17:53:30.471, 1119, 8188, 75, 64, 42.36, 2670
2026/08/26 17:53:31.001, 1131, 8188, 77, 64, 44.92, 2670
2026/08/26 17:53:31.549, 1131, 8188, 76, 64, 46.18, 2670
2026/08/26 17:53:32.075, 1131, 8188, 77, 64, 39.70, 2670
2026/08/26 17:53:32.606, 1139, 8188, 76, 64, 46.11, 2670
2026/08/26 17:53:33.139, 1139, 8188, 78, 64, 44.82, 2670
2026/08/26 17:53:33.668, 1139, 8188, 77, 64, 44.60, 2670
2026/08/26 17:53:34.197, 1135, 8188, 75, 64, 44.19, 2670
2026/08/26 17:53:57.142, 1135, 8188, 77, 64, 45.14, 2670
2026/08/26 17:53:35.302, 1135, 8188, 77, 64, 45.58, 2670
2026/08/26 17:53:35.831, 1161, 8188, 78, 64, 45.22, 2670
2026/08/26 17:53:36.363, 1161, 8188, 77, 64, 43.67, 2670
2026/08/26 17:53:36.890, 1161, 8188, 77, 64, 46.53, 2670
2026/08/26 17:53:37.422, 1027, 8188, 78, 66, 57.50, 2670
2026/08/26 17:53:37.962, 1027, 8188, 78, 66, 57.47, 2670
2026/08/26 17:53:38.495, 1027, 8188, 78, 67, 57.80, 2670
2026/08/26 17:53:39.025, 1027, 8188, 77, 67, 57.67, 2670
2026/08/26 17:53:39.564, 1027, 8188, 77, 67, 58.02, 2670
2026/08/26 17:53:40.098, 1027, 8188, 77, 67, 58.02, 2670
2026/08/26 17:53:40.626, 1027, 8188, 78, 67, 57.17, 2670
2026/08/26 17:53:41.156, 1027, 8188, 80, 67, 58.17, 2670
2026/08/26 17:53:41.686, 1027, 8188, 78, 68, 57.76, 2670
2026/08/26 17:53:42.215, 1027, 8188, 80, 68, 58.71, 2670
2026/08/26 17:53:42.765, 1027, 8188, 79, 67, 58.84, 2670
2026/08/26 17:53:43.295, 1129, 8188, 77, 68, 58.09, 2670
2026/08/26 17:53:43.824, 1129, 8188, 79, 68, 57.85, 2670
2026/08/26 17:53:44.364, 1129, 8188, 78, 68, 58.29, 2670
2026/08/26 17:54:07.264, 1133, 8188, 77, 68, 58.43, 2670
2026/08/26 17:53:45.428, 1133, 8188, 76, 68, 57.48, 2670
2026/08/26 17:53:45.956, 1133, 8188, 80, 68, 57.97, 2670
2026/08/26 17:53:46.489, 1221, 8188, 76, 68, 58.42, 2670
2026/08/26 17:53:47.024, 1221, 8188, 75, 68, 58.09, 2670
2026/08/26 17:53:47.562, 1221, 8188, 73, 68, 57.64, 2670
2026/08/26 17:53:48.095, 1165, 8188, 80, 68, 57.12, 2670
2026/08/26 17:53:48.627, 1165, 8188, 78, 69, 57.66, 2670
2026/08/26 17:53:49.159, 1173, 8188, 77, 68, 58.24, 2670
2026/08/26 17:54:12.064, 1173, 8188, 78, 68, 58.26, 2670
2026/08/26 17:53:50.193, 1173, 8188, 79, 69, 58.79, 2670
2026/08/26 17:53:50.733, 1179, 8188, 80, 69, 59.23, 2670
2026/08/26 17:53:51.267, 1179, 8188, 79, 69, 59.52, 2670
2026/08/26 17:53:51.796, 1179, 8188, 80, 69, 59.71, 2670
2026/08/26 17:53:52.332, 1061, 8188, 81, 67, 56.37, 2670
2026/08/26 17:53:52.873, 1181, 8188, 78, 68, 52.66, 2670
2026/08/26 17:53:53.410, 1181, 8188, 78, 69, 54.91, 2670
2026/08/26 17:53:53.939, 1249, 8188, 79, 69, 58.23, 2670
2026/08/26 17:53:54.469, 1297, 8188, 78, 69, 58.60, 2670
2026/08/26 17:53:54.998, 1297, 8188, 78, 69, 59.28, 2670
2026/08/26 17:53:55.533, 1441, 8188, 80, 70, 55.41, 2670
2026/08/26 17:53:56.066, 1441, 8188, 75, 70, 55.96, 2670
2026/08/26 17:53:56.599, 1441, 8188, 77, 69, 58.74, 2670
2026/08/26 17:53:57.126, 1367, 8188, 79, 70, 58.79, 2670
2026/08/26 17:53:57.672, 1367, 8188, 79, 70, 58.98, 2670
2026/08/26 17:53:58.214, 1367, 8188, 78, 69, 59.92, 2670
2026/08/26 17:53:58.757, 1367, 8188, 81, 69, 60.09, 2670
2026/08/26 17:53:59.320, 1367, 8188, 80, 70, 59.99, 2670
2026/08/26 17:54:22.262, 1367, 8188, 80, 70, 59.95, 2670
2026/08/26 17:54:00.430, 1371, 8188, 80, 70, 60.05, 2670
2026/08/26 17:54:00.959, 1371, 8188, 79, 70, 59.84, 2670
2026/08/26 17:54:01.488, 1371, 8188, 79, 70, 58.53, 2670
2026/08/26 17:54:02.030, 1369, 8188, 76, 69, 56.12, 2670
2026/08/26 17:54:02.559, 1369, 8188, 77, 69, 58.02, 2670
2026/08/26 17:54:03.109, 1369, 8188, 77, 70, 58.04, 2670
2026/08/26 17:54:03.687, 1369, 8188, 75, 70, 58.25, 2670
2026/08/26 17:54:04.236, 1369, 8188, 78, 70, 58.68, 2670
2026/08/26 17:54:27.136, 1369, 8188, 76, 70, 58.60, 2670
2026/08/26 17:54:05.304, 1371, 8188, 77, 70, 57.86, 2670
2026/08/26 17:54:05.837, 1371, 8188, 75, 69, 57.33, 2670
2026/08/26 17:54:06.365, 1371, 8188, 75, 70, 57.42, 2670
2026/08/26 17:54:06.892, 1369, 8188, 78, 70, 57.60, 2670
2026/08/26 17:54:07.425, 1369, 8188, 76, 70, 57.76, 2670
2026/08/26 17:54:07.953, 1369, 8188, 77, 70, 57.84, 2670
2026/08/26 17:54:08.486, 1369, 8188, 76, 70, 57.58, 2670
2026/08/26 17:54:09.020, 1369, 8188, 78, 70, 57.11, 2670
2026/08/26 17:54:09.561, 1369, 8188, 76, 70, 56.57, 2670
2026/08/26 17:54:10.097, 1371, 8188, 74, 70, 56.61, 2670
2026/08/26 17:54:10.628, 1371, 8188, 77, 70, 57.33, 2670
2026/08/26 17:54:11.175, 1371, 8188, 77, 70, 58.17, 2670
2026/08/26 17:54:11.711, 1395, 8188, 77, 70, 57.78, 2670
2026/08/26 17:54:12.242, 1395, 8188, 77, 71, 57.41, 2670
2026/08/26 17:54:12.769, 1395, 8188, 77, 71, 57.34, 2670
2026/08/26 17:54:13.299, 1395, 8188, 75, 70, 57.23, 2670
2026/08/26 17:54:13.832, 1367, 8188, 76, 71, 57.31, 2670
2026/08/26 17:54:14.410, 1367, 8188, 77, 71, 57.91, 2670
2026/08/26 17:54:37.313, 1367, 8188, 77, 71, 57.91, 2670
2026/08/26 17:54:15.482, 1405, 8188, 77, 71, 57.17, 2670
2026/08/26 17:54:16.013, 1405, 8188, 74, 71, 56.29, 2670
2026/08/26 17:54:16.562, 1405, 8188, 76, 71, 56.76, 2670
2026/08/26 17:54:17.094, 1407, 8188, 76, 71, 57.18, 2670
2026/08/26 17:54:17.642, 1407, 8188, 77, 71, 57.47, 2670
2026/08/26 17:54:18.206, 1407, 8188, 75, 70, 57.87, 2670
2026/08/26 17:54:18.752, 1391, 8188, 77, 71, 57.78, 2670
2026/08/26 17:54:19.283, 1391, 8188, 76, 71, 57.67, 2670
2026/08/26 17:54:42.186, 1391, 8188, 77, 71, 57.58, 2670
2026/08/26 17:54:20.333, 1391, 8188, 71, 71, 57.34, 2670
2026/08/26 17:54:20.869, 1391, 8188, 75, 71, 57.41, 2670
2026/08/26 17:54:21.415, 1391, 8188, 79, 71, 58.09, 2670
2026/08/26 17:54:21.948, 1391, 8188, 77, 71, 58.58, 2670
2026/08/26 17:54:22.479, 1391, 8188, 78, 71, 58.39, 2670
2026/08/26 17:54:23.019, 1391, 8188, 76, 71, 57.92, 2670
2026/08/26 17:54:23.549, 1361, 8188, 79, 71, 57.78, 2670
2026/08/26 17:54:24.077, 1361, 8188, 76, 72, 57.74, 2670
2026/08/26 17:54:24.612, 1361, 8188, 71, 71, 57.29, 2670
2026/08/26 17:54:25.165, 1359, 8188, 75, 71, 57.11, 2670
2026/08/26 17:54:25.696, 1381, 8188, 10, 73, 51.32, 2655
2026/08/26 17:54:26.231, 1381, 8188, 85, 73, 59.17, 2670
2026/08/26 17:54:26.761, 1381, 8188, 84, 73, 71.26, 2655
2026/08/26 17:54:27.289, 1381, 8188, 85, 75, 70.99, 2655
2026/08/26 17:54:27.822, 1381, 8188, 83, 75, 70.71, 2655
2026/08/26 17:54:28.352, 1381, 8188, 85, 75, 70.89, 2655
2026/08/26 17:54:28.884, 1381, 8188, 85, 75, 70.85, 2655
2026/08/26 17:54:29.416, 1381, 8188, 84, 75, 70.99, 2655
2026/08/26 17:54:52.319, 1381, 8188, 81, 74, 70.72, 2655
2026/08/26 17:54:30.494, 1381, 8188, 84, 74, 70.34, 2655
2026/08/26 17:54:31.027, 1381, 8188, 85, 75, 70.74, 2655
2026/08/26 17:54:31.557, 1381, 8188, 85, 75, 70.77, 2655
2026/08/26 17:54:32.090, 1381, 8188, 84, 74, 70.71, 2655
2026/08/26 17:54:32.636, 1381, 8188, 85, 75, 70.64, 2655
2026/08/26 17:54:33.164, 1381, 8188, 85, 74, 71.00, 2655
2026/08/26 17:54:33.696, 1381, 8188, 85, 74, 70.69, 2655
2026/08/26 17:54:34.232, 1381, 8188, 83, 75, 70.42, 2655
2026/08/26 17:54:57.141, 1381, 8188, 82, 75, 70.15, 2655
2026/08/26 17:54:35.276, 1335, 8188, 80, 74, 69.65, 2655
2026/08/26 17:54:35.811, 1335, 8188, 83, 74, 69.14, 2655
2026/08/26 17:54:36.340, 1335, 8188, 81, 74, 68.87, 2655
2026/08/26 17:54:36.871, 1335, 8188, 84, 74, 71.12, 2655
2026/08/26 17:54:37.404, 1319, 8188, 81, 74, 68.68, 2655
2026/08/26 17:54:37.935, 1319, 8188, 83, 74, 70.22, 2655
2026/08/26 17:54:38.473, 1319, 8188, 82, 75, 67.53, 2655
2026/08/26 17:54:39.009, 1319, 8188, 82, 74, 68.26, 2655
2026/08/26 17:54:39.545, 1319, 8188, 81, 74, 68.55, 2655
2026/08/26 17:54:40.120, 1319, 8188, 83, 74, 69.45, 2655
2026/08/26 17:54:40.651, 1319, 8188, 80, 74, 68.50, 2655
2026/08/26 17:54:41.186, 1319, 8188, 81, 73, 69.12, 2655
2026/08/26 17:54:41.715, 1319, 8188, 84, 75, 69.67, 2655
2026/08/26 17:54:42.250, 1331, 8188, 83, 74, 69.02, 2655
2026/08/26 17:54:42.785, 1331, 8188, 84, 75, 69.09, 2655
2026/08/26 17:54:43.314, 1331, 8188, 83, 75, 70.21, 2655
2026/08/26 17:54:43.844, 1331, 8188, 84, 75, 70.53, 2655
2026/08/26 17:54:44.375, 1323, 8188, 84, 74, 70.99, 2655
2026/08/26 17:55:07.274, 1323, 8188, 84, 74, 70.53, 2655
2026/08/26 17:54:45.403, 1323, 8188, 83, 74, 70.13, 2655
2026/08/26 17:54:45.935, 1323, 8188, 83, 74, 70.85, 2655
2026/08/26 17:54:46.464, 1323, 8188, 84, 75, 70.78, 2655
2026/08/26 17:54:46.994, 1359, 8188, 84, 74, 70.62, 2655
2026/08/26 17:54:47.523, 1359, 8188, 81, 74, 70.35, 2655
2026/08/26 17:54:48.065, 1359, 8188, 82, 74, 73.60, 2655
2026/08/26 17:54:48.598, 1359, 8188, 84, 74, 70.98, 2655
2026/08/26 17:54:49.128, 1359, 8188, 38, 74, 43.73, 2655
2026/08/26 17:54:49.661, 1359, 8188, 0, 66, 20.25, 2670
2026/08/26 17:54:50.231, 1359, 8188, 0, 65, 20.09, 2670
