seconds,memory_used_mib
0.0,2581
0.6,2581
3.9,2581
8.9,2750
13.9,3330
14.5,3330
19.0,3398
24.0,3514
29.0,3616
29.5,3616
34.0,3616
34.5,3616
27.7,3616
28.2,3616
28.8,3616
29.4,3616
30.0,3616
30.5,3616
31.1,3616
31.6,3564
39.0,3606
39.5,3606
44.0,3654
44.5,3654
45.0,3654
45.6,3502
46.1,3660
46.6,3660
47.2,3660
49.0,3684
54.0,3596
59.0,3622
64.0,3664
64.6,3664
65.2,3664
69.0,3664
74.0,3664
79.0,3664
84.0,3704
89.0,3704
94.0,3736
99.0,3790
104.0,3850
109.1,3992
114.1,3992
119.1,3992
124.1,3992
129.1,3960
134.1,3960
139.1,3972
144.1,4036
149.1,4088
154.1,4132
154.7,4132
155.3,4132
159.1,4158
164.2,4160
169.2,4160
174.2,4222
179.2,4222
184.2,4252
189.2,4302
194.2,4304
199.2,4304
204.2,4304
209.2,4404
214.2,4238
219.2,4198
224.2,4206
229.2,4276
234.2,4260
239.3,4298
244.3,4300
249.3,4300
254.3,4520
259.3,4380
264.3,4380
269.2,4380
274.3,4692
279.3,4724
284.3,4668
289.3,4678
294.3,4846
299.3,4818
304.3,4692
309.3,4694
314.3,4700
319.3,4712
324.3,4350
329.3,4434
334.3,4434
339.3,4434
344.3,4434
349.4,4434
354.4,4434
359.4,4328
364.4,4328
369.4,4328
374.4,4328
379.4,4344
384.4,4354
389.4,4364
394.4,4366
399.4,4366
404.4,4366
409.4,4220
414.4,4284
419.4,4268
424.4,4208
429.4,4196
434.4,4198
439.5,4198
444.5,4218
449.5,4210
454.5,4210
459.5,4214
464.5,4246
469.5,4260
470.0,4260
474.5,4238
479.5,4154
480.1,4154
484.5,4240
489.6,4240
494.6,4252
499.6,4342
500.1,4342
504.6,4342
505.1,4342
505.7,4270
506.2,4270
506.8,4270
507.4,4270
507.9,4270
508.5,4270
509.0,4270
509.6,4270
510.1,4270
510.7,4270
511.2,4270
511.8,4270
512.3,4270
512.9,4270
513.4,4270
514.0,4270
514.5,4270
515.1,4270
515.7,4270
516.2,4270
516.8,4270
517.3,4270
517.9,4270
518.4,4270
519.0,4270
519.5,4270
511.7,4270
512.3,4270
519.6,4270
524.6,4250
529.6,4250
534.6,4250
539.6,4178
544.6,4128
549.6,4118
554.6,4138
559.6,4120
564.6,4148
569.6,4148
574.7,4134
579.7,4242
584.7,4166
589.7,4166
594.7,4172
599.7,4230
604.7,4196
609.7,4192
614.7,4194
619.7,4278
624.7,4278
629.7,4128
634.7,4084
639.7,4102
644.8,4126
649.8,4144
654.8,4144
659.8,4144
664.8,4150
669.8,4186
674.8,4212
679.8,4138
684.8,4100
689.8,4102
694.8,4142
699.8,3882
704.8,4222
709.8,4200
714.8,4228
719.8,4134
724.9,4136
729.9,4244
734.9,4246
739.9,4246
744.9,4246
749.9,4246
754.9,4246
759.9,4246
764.9,4246
769.9,4246
774.9,4246
779.9,4246
784.9,4246
785.4,4246
786.0,4246
786.5,4246
787.0,4246
787.6,4246
788.1,4246
788.6,4246
789.2,4246
789.7,4246
790.2,4246
790.7,4246
791.3,4246
791.8,4246
792.3,4246
792.9,4246
793.4,4246
793.9,4246
794.5,4246
795.0,4246
795.5,4246
796.0,4246
796.6,4246
797.1,4246
797.6,4246
798.2,4246
798.7,4246
799.2,4246
799.8,4246
804.9,4246
809.9,4246
814.9,4246
820.0,4246
825.0,4246
830.0,4246
835.0,4246
840.0,4246
845.0,4246
850.0,4246
855.0,4246
860.0,4246
865.0,4246
870.0,4246
875.0,4246
880.1,4246
885.0,4246
890.1,4246
895.1,4246
900.1,4246
905.1,4246
910.1,4246
915.1,4246
920.1,4246
925.1,4246
930.1,4246
935.1,4246
935.6,4246
936.2,4246
936.7,4246
937.2,4246
937.8,4246
938.3,4246
938.8,4246
939.3,4246
939.9,4246
940.4,4246
940.9,4246
941.5,4246
942.0,4246
942.5,4246
943.1,4246
943.6,4246
944.1,4246
944.6,4246
945.2,4246
945.7,4246
946.2,4246
946.8,4246
947.3,4246
947.8,4246
948.4,4246
948.9,4246
949.4,4246
950.0,4246
955.1,4246
960.1,4246
965.1,4246
970.2,4246
975.2,4246
980.2,4246
980.7,4246
985.2,4246
990.2,4246
995.2,4246
1000.2,4246
1005.2,4246
1010.2,4246
1015.2,4246
1020.2,4246
1025.2,4246
1030.2,4246
1035.2,4246
1040.2,4246
1040.8,4246
1041.3,4246
1041.8,4246
1042.4,4246
1042.9,4246
1043.4,4246
1044.0,4246
1044.6,4246
1045.1,4246
1045.6,4246
1046.1,4246
1046.7,4246
1047.2,4246
1047.7,4246
1048.3,4246
1048.8,4246
1049.3,4246
1049.8,4246
1050.4,4246
1050.9,4246
1051.4,4246
1052.0,4246
1052.5,4246
1053.0,4246
1053.6,4246
1054.1,4246
1054.6,4246
1055.2,4246
1060.3,4246
1065.3,4246
1070.3,4246
1075.3,4246
1080.3,4246
1085.3,4246
1090.3,4246
1095.3,4246
1100.3,4246
1105.3,4246
1110.3,4246
1115.3,4246
1120.3,4246
1125.4,4246
1130.4,4246
1135.4,4246
1140.4,4246
1145.4,4246
1150.4,4246
1155.5,4246
1160.4,4246
1165.4,4246
